{"eval/loss": 0.5116431713104248, "eval/accuracy": 0.8898305084745762, "eval/runtime": 1.4997, "eval/samples_per_second": 78.684, "eval/steps_per_second": 20.004, "train/epoch": 3.0, "train/global_step": 795, "_timestamp": 1710733780.028498, "_runtime": 142.85111904144287, "_step": 4, "train/loss": 3.8909, "train/learning_rate": 5e-05, "train/train_runtime": 143.6616, "train/train_samples_per_second": 22.094, "train/train_steps_per_second": 5.534, "train/total_flos": 415239573602304.0, "train/train_loss": 2.7941094932316233, "_wandb": {"runtime": 142}}