{"eval/loss": 0.5116431713104248, "eval/runtime": 1.4163, "eval/samples_per_second": 83.318, "eval/steps_per_second": 21.183, "train/epoch": 3.0, "train/global_step": 795, "_timestamp": 1710732601.6374764, "_runtime": 138.92236042022705, "_step": 4, "train/loss": 3.8909, "train/learning_rate": 5e-05, "train/train_runtime": 139.5136, "train/train_samples_per_second": 22.75, "train/train_steps_per_second": 5.698, "train/total_flos": 415239573602304.0, "train/train_loss": 2.7941094932316233, "_wandb": {"runtime": 138}}